code,question,id,reference,prediction,accuracy.score,completeness.score,relevance.score,clarity.score
def dict contains superset subset for key value in subset iteritems ok key in superset eq superset[key] value,How do all key / val pairs in dict subset exist also ?,q18633,in superset,Each key-value pair exists in the superset because they are equal based on the same key and value.,2,2,3,2
@mock opsworks@mock ec 2 def test ec 2 integration opsworks boto 3 client u'opsworks' region name u'us-east- 1 ' stack id opsworks create stack Name u'S 1 ' Region u'us-east- 1 ' Service Role Arn u'service arn' Default Instance Profile Arn u'profile arn' [u' Stack Id']layer id opsworks create layer Stack Id stack id Type u'custom' Name u'S 1 L 1 ' Shortname u'S 1 L 1 ' [u' Layer Id']instance id opsworks create instance Stack Id stack id Layer Ids [layer id] Instance Type u't 2 micro' [u' Instance Id']ec 2 boto 3 client u'ec 2 ' region name u'us-east- 1 ' reservations ec 2 describe instances [u' Reservations']assert reservations should be emptyopsworks start instance Instance Id instance id reservations ec 2 describe instances [u' Reservations']reservations[ 0 ][u' Instances'] should have length of 1 instance reservations[ 0 ][u' Instances'][ 0 ]opsworks instance opsworks describe instances Stack Id stack id [u' Instances'][ 0 ]instance[u' Instance Id'] should equal opsworks instance[u' Ec 2 Instance Id'] instance[u' Private Ip Address'] should equal opsworks instance[u' Private Ip'],How be instances created via opsworks be discoverable ?,q4279,via ec2,Instances can be discoverable via OpsWorks and EC2 via their UUIDs.,2,2,3,2
def step size to bound x s lb ub non zero np nonzero s s non zero s[non zero]steps np empty like x steps fill np inf with np errstate over 'ignore' steps[non zero] np maximum lb - x [non zero] / s non zero ub - x [non zero] / s non zero min step np min steps return min step np equal steps min step * np sign s astype int,For what purpose did a min_step size require ?,q17644,to reach a bound,To compute the minimum step size required to reach a bound in numpy.,2,2,3,3
def cwd at path def decorator func @functools wraps func def wrapper *args **kwds try oldcwd os getcwd repo root os path dirname test dir os chdir os path join repo root path return func *args **kwds finally os chdir oldcwd return wrapperreturn decorator,What do decorator run at path ?,q8499,function,run at path,1,1,2,3
def convert mysql timestamp timestamp if not PY 2 and isinstance timestamp bytes bytearray timestamp timestamp decode 'ascii' if timestamp[ 4 ] '-' return convert datetime timestamp timestamp + '0 ' * 14 - len timestamp year month day hour minute second int timestamp[ 4] int timestamp[ 4 6] int timestamp[ 6 8] int timestamp[ 8 10 ] int timestamp[ 10 12 ] int timestamp[ 12 14 ] try return datetime datetime year month day hour minute second except Value Error return None,What does the code convert to a timestamp object ?,q15986,a mysql timestamp,Mysql Timestamp,2,2,3,2
def cryptovariables equal x y return hmac sha 256 CRYPTOVARIABLE EQUALITY COMPARISON NONCE x hmac sha 256 CRYPTOVARIABLE EQUALITY COMPARISON NONCE y,How does two strings compare for equality ?,q4252,securely,Comparing strings for equality securely,3,3,3,3
def find packages where ' ' exclude out []stack [ convert path where '' ]while stack where prefix stack pop 0 for name in os listdir where fn os path join where name if ' ' not in name and os path isdir fn and os path isfile os path join fn ' init py' out append prefix + name stack append fn prefix + name + ' ' for pat in list exclude + ['ez setup'] from fnmatch import fnmatchcaseout [item for item in out if not fnmatchcase item pat ]return out,"Where should where be supplied as a "" cross - platform "" path ?",q541,where,On Windows.,1,1,2,2
def sensitive variables *variables def decorator func @functools wraps func def sensitive variables wrapper *args **kwargs if variables sensitive variables wrapper sensitive variables variableselse sensitive variables wrapper sensitive variables ' ALL 'return func *args **kwargs return sensitive variables wrapperreturn decorator,Where did which variables use ?,q6140,in the decorated function,Sensitive variables used in the decorated function and decorated view,2,2,3,2
def fix IE for vary request response useragent request META get 'HTTP USER AGENT' '' upper if 'MSIE' not in useragent and 'CHROMEFRAME' not in useragent return responsesafe mime types 'text/html' 'text/plain' 'text/sgml' mime type response get ' Content- Type' '' partition ' ' [0 ]if mime type not in safe mime types try del response[' Vary']except Key Error passreturn response,How will this function fix the bug reported at URL whenever the mime - type is not safe enough for internet explorer to handle ?,q9351,by clearing the vary header,"It fixes a bug by clearing the ""Vary"" header when the MIME type is not safe for Internet Explorer to handle.",3,2,3,3
def lastmodified date obj header ' Last- Modified' date obj strftime '%a %d%b%Y%TGMT',When did header modify ?,q6344,last,Header modified on last modification date.,2,2,3,2
"def handle text mic profile messages [""I'msorry couldyourepeatthat?"" ' Myapologies couldyoutrysayingthatagain?' ' Saythatagain?' ' Ibegyourpardon?']message random choice messages mic say message",What has unclear or unusable input ?,q6853,the user,User.,2,2,3,3
def reset alarm **kwargs service instance kwargs get 'service instance' payload build payload **kwargs logging debug payload session service instance stubif not send request payload session return Falsereturn True,For what purpose do someone log ?,q18138,to do it manually,Alarm,1,1,2,3
@with setup reset def test new bundle b Bundle register 'foo' b 's 2 ' 's 3 ' assert b in get 'foo' contents register 'footon' 's 1 ' assert 's 1 ' in get 'footon' contents register 'foofighters' b output 'bar' assert b in get 'foofighters' contents,How do a new bundle register ?,q3400,test,A new bundle register is created using `def`.,1,1,2,2
def find files roots generated resources None ignored patterns IGNORED PATTERNS ignored dirs IGNORED DIRS ignored path regexps IGNORED PATH REGEXPS allowed extensions None if generated resources is None generated resources set if isinstance roots string types roots [roots]if isinstance allowed extensions string types allowed extensions set [allowed extensions] for root in roots for path dirs files in os walk root path posixpath normpath path replace os sep '/' remove ignored directories path dirs ignored dirs ignored path regexps for filename in files filepath posixpath join path filename if filename 'generated resources txt' process generated resources path filepath generated resources continueif not all not fnmatch fnmatch filename x for x in ignored patterns continueif not check allowed extension filepath allowed extensions continue yield filepath,How do files find in roots ?,q6520,with ignores,Files are found in roots by walking through directories and checking for allowed extensions and ignored patterns.,2,2,3,3
def minimals A le lambda x y x < y r []for x in A for a in A if le a x and not le x a breakelse for a in r if le a x breakelse r append x return r,By how much did elements order ?,q11185,partially,Increased order,1,1,2,2
def kernel versions debian kernel get selections salt ['cmd run'] 'dpkg--get-selectionslinux-image-*' kernels []kernel versions []for line in kernel get selections splitlines kernels append line try kernel kernels[ -2 ]except Index Error kernel kernels[ 0 ]kernel kernel rstrip ' DCTB DCTB install' kernel get version salt ['cmd run'] 'apt-cachepolicy' + kernel for line in kernel get version splitlines if line startswith ' Installed ' kernel v line strip ' Installed ' kernel versions append kernel v breakif grains ['os'] ' Ubuntu' kernel v kernel versions[ 0 ] rsplit ' ' 1 kernel ubuntu generic kernel v[ 0 ] + '-generic#' + kernel v[ 1 ] kernel ubuntu lowlatency kernel v[ 0 ] + '-lowlatency#' + kernel v[ 1 ] kernel versions extend [kernel ubuntu generic kernel ubuntu lowlatency] return kernel versions,When did kernel name instal ?,q8185,last,Ubuntu,1,1,2,3
def get keywords git refnames '$ Format %d$'git full '$ Format %H$'git date '$ Format %ci$'keywords {'refnames' git refnames 'full' git full 'date' git date}return keywords,For what purpose do the keywords need ?,q7334,to look up the version information,Version information,3,2,3,3
def Function fname klassname ' %s Function' % fname c globals [klassname] return c,What selects the function object ?,q6693,internal method,The code selects the function object using globals.,2,2,3,3
def start Dtmf a Tp Pd pd 3 b Message Type mes Type 53 c Keypad Facility Hdr iei KF 44 eight Bit KF 0 packet a / b / c return packet,Where do dtmf start ?,q2461,section 9,Dtmf starts at section 9.,3,3,3,3
def eval univariate f var idx point x bij Dict To Var Bijection var idx point return list map bij mapf f x,Where do values vary ?,q11206,at one index,Values vary.,2,2,2,2
@keras testdef test image classification np random seed 1337 input shape 16 16 3 X train y train X test y test get test data nb train 500 nb test 200 input shape input shape classification True nb class 4 y train to categorical y train y test to categorical y test nb conv 3nb pool 2model Sequential [ Convolution 2 D nb filter 8 nb row nb conv nb col nb conv input shape input shape Max Pooling 2 D pool size nb pool nb pool Flatten Activation 'relu' Dense y test shape[ -1 ] activation 'softmax' ] model compile loss 'categorical crossentropy' optimizer 'rmsprop' metrics ['accuracy'] history model fit X train y train nb epoch 10 batch size 16 validation data X test y test verbose 0 assert history history['val acc'][ -1 ] > 0 85,How do random 16x16 color images classify into several classes ?,q9258,using logistic regression with convolutional hidden layer,"
Image classification using Keras",2,2,2,2
def load vi open in editor bindings registry Registry navigation mode Vi Mode & Vi Navigation Mode registry add binding u'v' get by name u'edit-and-execute-command' return registry,Where will the code pressing v in navigation mode open the buffer ?,q7058,in an external editor,In an external editor,3,3,3,3
def create directory repo remote path repoif repo startswith 'ssh //' remote path parse ssh path repo repo run command repo 'mkdir-p%s' % remote path cd False,Where does the code create a directory ?,q16038,over at the remote repository,The code creates a directory on the remote repository,3,3,3,3
def get current user for models user get current user try if not user is authenticated return Nonereturn userexcept Exception as e logger info ' Cantaccessis authenticatedmethod %s' % e return None,When is flask test context not configured well ?,q13132,yet,Not configured properly,1,1,2,2
@pytest mark django dbdef test service methods with long name rf MAX LENGTH 100 long name 'X' * MAX LENGTH assert len long name MAX LENGTH sm Shipping Method objects language 'en' create shop get default shop name long name enabled True tax class get default tax class pm Payment Method objects language 'en' create shop get default shop name long name enabled True tax class get default tax class order create empty order order shipping method smorder payment method pmorder full clean order save,What do nt cause exceptions when creating an order ?,q7888,service methods with long names,Testing data,1,1,2,3
def parse mime type mime type parts mime type split ' ' params dict [tuple [s strip for s in param split ' ' ] for param in parts[ 1 ]] type subtype parts[ 0 ] split '/' return type strip subtype strip params,Where is params a dictionary of all the parameters for the media range ?,q1171,the,Params is a dictionary containing all parameters for the media range.,3,3,3,3
def file move safe old file name new file name chunk size 1024 * 64 allow overwrite False if samefile old file name new file name returntry os rename old file name new file name returnexcept OS Error passold file open old file name 'rb' try fd os open new file name os O WRONLY os O CREAT getattr os 'O BINARY' 0 not allow overwrite and os O EXCL or 0 try locks lock fd locks LOCK EX current chunk Nonewhile current chunk '' current chunk old file read chunk size os write fd current chunk finally locks unlock fd os close fd finally old file close copystat old file name new file name try os remove old file name except OS Error as e if getattr e 'winerror' 0 32 and getattr e 'errno' 0 13 raise,In which direction does a file move to another in the safest way possible ?,q5953,from one location,From one location to another in the safest way possible.,3,3,3,3
def js *args return js helper 'static/scripts/' *args,What does the code return ?,q4108,appropriate string of script tags,"
Includes Sahana JS scripts.",2,2,2,2
"def test import sysclass Hello Command Frame Work def do hello self opts args ""hello--print'helloworld' needsnoarguments""print ' Hello world'x Hello tests [[] ['hello'] ['spam'] ['-x'] ['hello' '-x'] None]for t in tests print '-' * 10 t '-' * 10 sts x run t print ' Exitstatus ' repr sts",How is this module run when ?,q2451,as a script,The module is run as a script when it is called as a command line argument.,2,2,3,2
def service start name cmd 'start' + name out err DETAILS['server'] sendline cmd return parse out,"Where does the code start a "" service "" ?",q2483,on the ssh server,On the ssh server,3,3,3,3
def maintenance mode exempt view func view func maintenance mode exempt Truereturn view func,What does the code ignore ?,q4128,shop maintenance mode,"
Shop maintenance mode",3,3,3,3
def publish cmdline reader None reader name 'standalone' parser None parser name 'restructuredtext' writer None writer name 'pseudoxml' settings None settings spec None settings overrides None config section None enable exit status 1 argv None usage default usage description default description pub Publisher reader parser writer settings settings pub set components reader name parser name writer name output pub publish argv usage description settings spec settings overrides config section config section enable exit status enable exit status return output,For what purpose did the code run a publisher ?,q5740,for command - line - based file i / o,Publisher for command-line file I/O,3,3,3,3
def prep data raw input input type max len vocab dtype 'int 32 ' index from 2 oov 1 dtype np dtype dtype if input type 'text' in shape max len 1 tokens tokenize raw input sent inp np array [ oov if t not in vocab else vocab[t] + index from for t in tokens] l min len sent inp max len xbuf np zeros in shape dtype dtype xbuf[ - l ] sent inp[ - l ] reshape -1 1 return xbufelse raise Value Error ' Unsupporteddatatype %s' % input type,When did input data receive ?,q18114,raw,The code receives raw input data and transforms it into a required format for running through neon.,2,2,3,2
def get project list config eggs dir config get 'eggs dir' 'eggs' if os path exists eggs dir projects os listdir eggs dir else projects []try projects + [x[ 0 ] for x in config cp items 'settings' ]except No Section Error passreturn projects,Where did the ones define ?,q4687,in the scrapyd,The `ones` variable is defined in the `get` function as an empty list.,1,1,1,2
def init global term modeif term mode returnif not can init returnterm init def update geometry global height widthheight term heightwidth term widthupdate geometry term on winch append update geometry readline init term mode True,Till when will the code calling this function take the terminal ?,q2049,until the current python interpreter is closed,Takes terminal until interpreter closed.,3,3,3,3
def clear site cache sender **kwargs instance kwargs['instance']using kwargs['using']try del SITE CACHE[instance pk]except Key Error passtry del SITE CACHE[ Site objects using using get pk instance pk domain]except Key Error Site Does Not Exist pass,What does the code clear each time a site is saved or deleted ?,q5951,the cache,The code clears the SITE CACHE for each site save or delete.,3,3,3,3
def has vary header response header query if not response has header ' Vary' return Falsevary headers cc delim re split response[' Vary'] existing headers set header lower for header in vary headers return header query lower in existing headers,What do the response have ?,q14526,a given header name in its vary header,A view decorator.,1,1,1,3
def media next track hass hass services call DOMAIN SERVICE MEDIA NEXT TRACK,For what purpose do the keyboard button press ?,q12070,for next track,Forwards track.,2,2,3,3
def get tags name None instance id None call None location None kwargs None resource id None if location is None location get location if instance id is None if resource id is None if name instance id get node name ['instance Id']elif 'instance id' in kwargs instance id kwargs['instance id']elif 'resource id' in kwargs instance id kwargs['resource id']else instance id resource idparams {' Action' ' Describe Tags' ' Filter 1 Name' 'resource-id' ' Filter 1 Value' instance id}return aws query params setname 'tag Set' location location provider get provider opts opts sigver '4 ',For what purpose do tags retrieve ?,q2724,for a resource,Fetches EC2 tags for an instance.,2,2,3,3
def config edit path config user config path editor util editor command try if not os path isfile path open path 'w+' close util interactive open [path] editor except OS Error as exc message u' Couldnoteditconfiguration {0 }' format exc if not editor message + u' Pleasesetthe EDITO Renvironmentvariable'raise ui User Error message,What do a edit ?,q7708,the user configuration,Edit a user configuration file.,3,3,3,3
def login required handler method def check login self *args **kwargs if self request method 'GET' self abort 400 detail ' Thelogin requireddecoratorcanonlybeusedfor GE Trequests ' user users get current user if not user return self redirect users create login url self request url else handler method self *args **kwargs return check login,In which direction be a user logged to access a handler ?,q2973,in,Logged In,2,2,2,3
def get status nodes []for line in check output [NODE TOOL 'status' KEYSPACE] splitlines fields line split if len fields 8 continuenodes append {'state' fields[ 0 ] 'ip' fields[ 1 ] 'tokens' int fields[ 4 ] 'owns' float fields[ 5 ][ -1 ] } return nodes,How do the cluster status return ?,q8063,in a structured way,The code gets the status nodes from the Cassandra cluster as requested by the client.,2,2,2,2
def make image dict image def fetch attrs d attrs return {a d[a] for a in attrs if a in d keys }properties {p['name'] p['value'] for p in image['properties'] if not p['deleted'] }image dict fetch attrs image glance db IMAGE ATTRS image dict['properties'] properties limit locations image dict return image dict,What does the code create ?,q12664,a dict representation of an image which we can use to serialize the image,A dict representation of an image.,3,2,3,3
def negotiate value response if hasattr negotiate value 'regex' regex negotiate value regexelse regex re compile ' ? * *\\s* Negotiate\\s* [^ ]* ?' re I negotiate value regex regexauthreq response headers get 'www-authenticate' None if authreq match obj regex search authreq if match obj return match obj group 1 return None,What does the code extract from the appropriate header ?,q7339,the gssapi authentication token,GSSAPI authentication token,3,3,3,3
def group seq size if not hasattr seq 'next' seq iter seq while True yield [seq next for i in xrange size ],What returns over a series of lists of length size from iterable ?,q6542,an iterator,An iterator.,3,3,3,3
def move File src File dest File try ek shutil move src File dest File fix Set Group ID dest File except OS Error copy File src File dest File ek os unlink src File,What does the code move to destination from source ?,q14878,a file,File moves to destination from source,3,3,3,2
def command output cmd shell False proc subprocess Popen cmd stdout subprocess PIPE stderr subprocess PIPE close fds platform system ' Windows' shell shell stdout stderr proc communicate if proc returncode raise subprocess Called Process Error returncode proc returncode cmd '' join cmd return stdout,Does the code return its output after it has exited ?,q1051,Yes,No.,1,1,3,3
def new mem buf buffer None if buffer is None bio lib BIO new lib BIO s mem free lib BIO freeelse data ffi new 'char[]' buffer bio lib BIO new mem buf data len buffer def free bio ref data return lib BIO free bio if bio ffi NULL raise current error bio ffi gc bio free return bio,What does the code allocate ?,q1520,a new openssl memory bio,"
Private key",1,1,1,2
def exhaust rule def exhaustive rl expr new old rule expr expr while new old new old rule new new return newreturn exhaustive rl,Till when has the code apply a rule repeatedly ?,q7945,until it has no effect,Exception,1,1,2,2
def task install api certificates api cert api key return sequence [run 'mkdir-p/etc/flocker' run 'chmodu rw X g o /etc/flocker' put path '/etc/flocker/plugin crt' content api cert get Content put path '/etc/flocker/plugin key' content api key get Content log content filter remove private key ],For what purpose did by docker plugin require private key ?,q1840,to,Validates API key for API access,2,2,3,3
def save recent scheme list scheme list app dir data dir recent filename os path join app dir 'recent pck' if os path isdir app dir with open recent filename 'wb' as f pickle dump scheme list f,When did schemes access ?,q5261,recently,Recently accessed,3,3,3,3
def patch doc config config file nospell {u'tex inline wrap' [u'<nospell>\\ ' u'</nospell>\\ '] u'tex block wrap' [u'<nospell>\\[' u'</nospell>\\]']}with open config file u'rb' as f config yaml load f index 0for extension in config get u'markdown extensions' [] if isinstance extension str if PY 3 else unicode and extension u'pymdownx arithmatex' config[u'markdown extensions'][index] {u'pymdownx arithmatex' nospell}breakelif isinstance extension dict and u'pymdownx arithmatex' in extension extension[u'pymdownx arithmatex'] nospellbreakindex + 1with codecs open MKDOCS SPELL u'w' encoding u'utf- 8 ' as f yaml dump config f width None indent 4 allow unicode True default flow style False return MKDOCS SPELL,For what purpose does the code patch the config file ?,q4364,to wrap arithmatex with a tag aspell,To wrap arithmatex with a tag aspell,3,3,3,3
def path to 3d segment with codes path zs 0 zdir u'z' if not iterable zs zs np ones len path * zs seg []codes []pathsegs path iter segments simplify False curves False for x y code z in zip pathsegs zs seg append x y z codes append code seg 3 d [juggle axes x y z zdir for x y z in seg]return seg 3 d codes,How does the code convert a path to a 3d segment ?,q7225,with path codes,It converts a path to a 3d segment by simulating the z-axis movement of the zdir vector along the path.,2,2,3,2
@check login required@check local site accessdef raw diff request review request id revision None local site None review request response find review request request review request id local site if not review request return responsedraft review request get draft request user diffset query for diff review request request user revision draft tool review request repository get scmtool data tool get parser u'' raw diff diffset resp Http Response data content type u'text/x-patch' if diffset name u'diff' filename u'rb%d patch' % review request display id else filename six text type diffset name encode u'ascii' u'ignore' filename filename replace u' ' u' ' resp[u' Content- Disposition'] u'attachment filename %s' % filename set last modified resp diffset timestamp return resp,Where does a raw diff of all the filediffs display for the given review request ?,q18197,in a diffset,Diffset.,3,3,3,2
def flatten dictionary input sep ' ' prefix None for name value in sorted input items fullname sep join filter None [prefix name] if isinstance value dict for result in flatten dictionary value sep fullname yield result else yield fullname value,What is the joined key names where ?,q4516,the first value,"The joined key names are in the ""fullname"" variable.",2,2,3,3
def scp to remote host port username password local path remote path limit '' log filename None timeout 600 interface None if limit limit '-l%s' % limit if host and host lower startswith 'fe 80 ' if not interface raise SCP Error ' Whenusingipv 6 linklocaladdressmustassign' 'theinterfacetheneighbourattache' host '%s%%%s' % host interface command 'scp-v-o User Known Hosts File /dev/null-o Preferred Authentications password-r%s-P%s%s%s@\\[%s\\] %s' % limit port local path username host remote path password list []password list append password return remote scp command password list log filename timeout,How do files copy to a remote host ?,q4672,through scp,Files copy from a local host to a remote host through scp.,3,3,3,3
def del token token token path os path join opts ['token dir'] token if os path exists token path return os remove token path is None return False,How does the code delete an eauth token ?,q7247,by name cli example,"
Validates provided auth token and deletes it.",2,2,3,2
"def assert request user has rule trigger and action permission request rule api if not cfg CONF rbac enable return Truetrigger rule api triggeraction rule api actiontrigger type trigger['type']action ref action['ref']user db get user db from request request request has trigger permission request user has rule trigger permission request request trigger trigger if not has trigger permission msg ' User""%s""doesn\'thaverequiredpermission %s tousetrigger%s' % user db name Permission Type WEBHOOK CREATE trigger type raise Access Denied Error message msg user db user db has action permission request user has rule action permission request request action ref action ref if not has action permission msg ' User""%s""doesn\'thaverequired %s permissiontouseaction%s' % user db name Permission Type ACTION EXECUTE action ref raise Access Denied Error message msg user db user db return True",When did in log ?,q12508,currently,"
Currently.",1,1,2,3
@set databasedef get content item content id None topic False **kwargs if content id if topic value Item get Item id content id Item kind ' Topic' else value Item get Item id content id Item kind ' Topic' return model to dict value,For what purpose do content render ?,q9874,to save server processing,To render content.,1,1,2,2
def wrap socket sock server hostname ssl context None global contextif context is None context init context ssl context ssl context or context ssl context check hostname Falsessl sock ssl context wrap socket sock server hostname server hostname if ssl context check hostname try ssl match hostname ssl sock getpeercert server hostname except Attribute Error ssl verify hostname ssl sock server hostname proto Nonewith ignore missing proto ssl sock selected alpn protocol with ignore missing if proto is None proto ssl sock selected npn protocol return ssl sock proto,By how much did ssl wrapping function simplify ?,q3837,vastly,Simplified.,1,1,2,2
def action method wrapped def wrapper self *arg **kw if self ainfo is None self ainfo []info kw pop ' info' None backframes kw pop ' backframes' 0 + 2 if is nonstr iter info and len info 4 info Action Info *info if info is None try f traceback extract stack limit 4 last frame Action Info *f[ -1 ] if last frame function 'extract stack' f pop info Action Info *f[ - backframes ] except info Action Info None 0 '' '' self ainfo append info try result wrapped self *arg **kw finally self ainfo pop return resultif hasattr wrapped ' name ' functools update wrapper wrapper wrapped wrapper docobj wrappedreturn wrapper,When do the right conflict info report data provide ?,q232,when a method that calls configurator,Currently,1,1,2,2
def switch org orgname profile 'grafana' if isinstance profile string types profile salt ['config option'] profile org get org orgname profile response requests post '{ 0 }/api/user/using/{ 1 }' format profile['grafana url'] org['id'] auth get auth profile headers get headers profile timeout profile get 'grafana timeout' 3 if response status code > 400 response raise for status return org,By how much do the current organization switch ?,q16107,code,Organization switch,1,1,2,3
def strip tags value return re sub '<[^>]*?>' '' force unicode value,What does the code return ?,q7988,the given html with all tags stripped,The code returns a string with all HTML tags removed and spaces between them removed.,2,2,3,2
def top contributors kb start None end None product None count 10 page 1 return top contributors l10 n start end settings WIKI DEFAULT LANGUAGE product count,What does the code get ?,q3353,the top kb editors,Top contributors,2,2,3,3
def get bbox regression labels bbox target data num classes clss bbox target data[ 0]bbox targets np zeros clss size 4 * num classes dtype np float 32 bbox loss weights np zeros bbox targets shape dtype np float 32 inds np where clss > 0 [0 ]for ind in inds cls clss[ind]start 4 * cls end start + 4 bbox targets[ind start end] bbox target data[ind 1 ]bbox loss weights[ind start end] [1 0 1 0 1 0 1 0]return bbox targets bbox loss weights,Where are bounding - box regression targets stored in a compact form ?,q1158,in the roidb,In a compact form.,1,1,2,2
def index document filename chapter Reference entries domhelpers find Elements With Attribute document 'class' 'index' if not entries returni 0for entry in entries i + 1anchor 'index% 02 d' % i if chapter Reference ref get Section Reference entry or chapter Reference else ref 'link'indexer add Entry filename anchor entry get Attribute 'value' ref entry node Name entry tag Name entry end Tag Name 'a'for attr Name in entry attributes keys entry remove Attribute attr Name entry set Attribute 'name' anchor,In which direction can the index link to those entries ?,q4651,back,  The index links to entries in the backward direction.,3,3,3,3
def parse tmpl str validate template limit six text type tmpl str tpl simple parse tmpl str if not ' Heat Template Format Version' in tpl or 'heat template version' in tpl or 'AWS Template Format Version' in tpl raise Value Error ' Templateformatversionnotfound ' return tpl,What do a dict contain ?,q11646,the parsed structure,A dict containing the parsed structure.,3,3,3,3
def datetime to iso timestamp return datetime strptime timestamp '%Y-%m-%d%H %M %S' isoformat,How does the code return a datetime ?,q3830,in iso format,It returns a datetime in iso format.,3,3,3,3
def create kernel image context session instance name label image id image type if CONF xenserver independent compute raise exception Not Supported With Option operation ' Non-VH Dimages' option 'CONF xenserver independent compute' filename ''if CONF xenserver cache images 'none' args {}args['cached-image'] image idargs['new-image-uuid'] uuidutils generate uuid filename session call plugin 'kernel py' 'create kernel ramdisk' args if filename '' return fetch disk image context session instance name label image id image type else vdi type Image Type to string image type return {vdi type dict uuid None file filename },In which direction does kernel / ramdisk file create ?,q5305,from the image stored in the cache,In cache.,2,2,2,2
def make vals val klass klass inst None prop None part False base 64 encode False cinst Noneif isinstance val dict cinst klass loadd val base 64 encode base 64 encode else try cinst klass set text val except Value Error if not part cis [make vals sval klass klass inst prop True base 64 encode for sval in val]setattr klass inst prop cis else raiseif part return cinstelif cinst cis [cinst]setattr klass inst prop cis,Does the code create a class instance with a specified value ?,q1368,Yes,"Yes, it creates a class instance with a specified value.",3,2,3,3
def get column letter col idx if not 1 < col idx < 18278 msg ' Columnindexoutofbounds %s' % col idx raise Column String Index Exception msg ordinals []temp col idxwhile temp quotient remainder divmod temp 26 if remainder 0 quotient - 1remainder 26 ordinals append remainder + 64 temp quotientordinals reverse return '' join [chr ordinal for ordinal in ordinals],For what purpose does the code shift the column col_idx by 26 ?,q8814,to find column letters in reverse order,Column Letter Conversion,2,2,2,2
@gen enginedef Get File Contents store path callback auto gunzip True buf yield gen Task store Get path if auto gunzip and path endswith ' gz' iobuffer c String IO String IO buf gzip IO gzip Gzip File 'rb' fileobj iobuffer contents gzip IO read iobuffer close else contents bufcallback contents,When does the code get the contents of a file ?,q3234,in s3,"""The code gets the contents of a file when it is stored.""",1,1,2,2
def send email confirmation request user signup False from models import Email Address Email Confirmation COOLDOWN PERIOD timedelta minutes 3 email user email user if email try email address Email Address objects get for user user email if not email address verified if app settings EMAIL CONFIRMATION HMAC send email Trueelse send email not Email Confirmation objects filter sent gt now - COOLDOWN PERIOD email address email address exists if send email email address send confirmation request signup signup else send email Falseexcept Email Address Does Not Exist send email Trueemail address Email Address objects add email request user email signup signup confirm True assert email addressif send email get adapter request add message request messages INFO 'account/messages/email confirmation sent txt' {'email' email} if signup get adapter request stash user request user pk to url str user,What attempts to log in using an unverified e - mail when when ?,q17924,a user,Signing up with an unverified email.,2,2,2,3
def find invited user email default None User apps get model settings AUTH USER MODEL try return User objects get email email except User Does Not Exist return default,When did the invited user be a registered ?,q10315,already,Just.,1,1,2,1
def lstrips text remove return strips 'l' text remove,What does the code remove ?,q2772,the string remove from the right of text,The code removes 'l' from the left side of the text.,1,1,2,3
def prob bv rectangle lower upper cdf probuu cdf *upper probul cdf upper[ 0 ] lower[ 1 ] problu cdf lower[ 0 ] upper[ 1 ] probll cdf *lower return probuu - probul - problu + probll,Where does distribution parameter ?,q9196,bivariate,Distribution parameters.,2,2,2,2
def write file data with open 'requirements all txt' 'w+' as req file req file write data,Does the code write the modules to the requirements_all ?,q208,Yes,"Yes, writes modules to requirements_all",3,3,3,3
def cert time to seconds cert time import timereturn time mktime time strptime cert time '%b%d%H %M %S%YGMT',How does the code take a date - time string ?,q1547,in standard asn1_print form,Parses string using strptime and returns a datetime object,2,2,3,3
def data url mimetype data b64 base 64 b64 encode data decode 'ascii' url Q Url 'data {} base 64 {}' format mimetype b64 qtutils ensure valid url return url,What does the code get ?,q13538,a data : qurl for the given data,Base64-encoded URL,2,2,2,3
def detect faces path vision client vision Client with io open path 'rb' as image file content image file read image vision client image content content faces image detect faces print ' Faces 'for face in faces print 'anger {}' format face emotions anger print 'joy {}' format face emotions joy print 'surprise {}' format face emotions surprise,Where does faces detect ?,q11549,in an image,Google Cloud Storage,1,1,1,3
def generate test cases for p in sickbeard providers all provider sickbeard providers get Provider Module p providerif provider supports backlog and provider provider type u'torrent' and provider public generated class type str provider name Base Parser Test Case {u'provider' provider} globals [generated class name ] generated classdel generated class,Who adds them to globals ?,q7260,auto,Globals,1,1,2,2
"def stop reactor global twisted threaddef stop reactor '"" Helperforcallingstopfromwithingthethread 'reactor stop reactor call From Thread stop reactor reactor thread join for p in reactor get Delayed Calls if p active p cancel twisted thread None",Does the code join the reactor thread until it stops ?,q345,Yes,"Yes, it joins the reactor thread.",3,3,3,3
def wait io timeout None timeout exc timeout 'timedout' assert io callback is None ' Thissocketisalreadyusedbyanothergreenlet %r' % io callback if timeout is not None timeout Timeout start new timeout timeout exc try return get hub wait io finally if timeout is not None timeout cancel,Till when does the code block the current greenlet ?,q6852,until * io * is ready,Until IO is ready.,3,3,3,3
def configure boto logging l logging get Logger 'boto' l set Level logging DEBUG static create sc config dirs lh logging handlers Rotating File Handler static AWS DEBUG FILE max Bytes 1048576 backup Count 2 lh set Level logging DEBUG format 'PID %s' % str static PID + '% levelname - 3s[% asctime s % msecs 03 d]% name s % message s' date format '%Y%m%d-%H %M %S'lh set Formatter logging Formatter format date format l add Handler lh,For what purpose do boto log to a file ?,q10493,for debug,Debugging purpose,3,3,3,3
def cache provider details conn None DETAILS['avail locations'] {}DETAILS['avail sizes'] {}DETAILS['avail images'] {}locations avail locations conn images avail images conn sizes avail sizes conn for key location in six iteritems locations DETAILS['avail locations'][location['name']] location DETAILS['avail locations'][key] locationfor key image in six iteritems images DETAILS['avail images'][image['name']] image DETAILS['avail images'][key] imagefor key vm size in six iteritems sizes DETAILS['avail sizes'][vm size['name']] vm size DETAILS['avail sizes'][key] vm size,In which direction do we go to the api ?,q18269,out,Outbound API call,2,2,3,3
def get Evaluated Int By Keys default Value element Node keys for key in keys default Value get Evaluated Int default Value element Node key return default Value,In which direction did by keys evaluate ?,q5040,int,Upward,1,1,2,3
def validate email unique email for user None existing accounts get user model objects filter email email existing email Email Address objects filter email email if for user is not None existing accounts existing accounts exclude pk for user pk existing email existing email exclude user for user if existing accounts exists or existing email exists raise Validation Error ' Auserwiththatemailaddressalreadyexists',Does it exist in the system already ?,q3501,No,No duplicates allowed.,2,2,3,2
def bbox artist artist renderer props None fill True if props is None props {}props props copy pad props pop u'pad' 4 pad renderer points to pixels pad bbox artist get window extent renderer l b w h bbox boundsl - pad / 2 0 b - pad / 2 0 w + padh + padr Rectangle xy l b width w height h fill fill r set transform transforms Identity Transform r set clip on False r update props r draw renderer,Where do a debug function draw a rectangle ?,q18580,around the bounding box returned by : meth :~ matplotlib,  Debug function draws rectangle around bounding box.,2,2,3,3
def Application Error app e pass,When does code run ?,q16352,when an unhandled error occurs,Unhandled error occurs.,2,2,3,2
def str 2 pyval string try return ast literal eval string except Value Error Syntax Error return PYVALS get string string,Does this function return a python object ?,q1070,Yes,"
Yes. Python Object.",3,3,3,3
"def open Explorer Path filename if sys platform 'win 32 ' or sys platform 'cygwin' subprocess Popen 'explorer""%s""' % filename if sys platform 'darwin' subprocess Popen ['open' filename] if sys platform startswith 'linux' if os path isfile '/usr/bin/xdg-open' subprocess Popen ['/usr/bin/xdg-open' filename]",Where does the code open a file dialog ?,q5667,inside a directory,The code opens a file dialog inside a directory to select and open a file.,2,2,3,3
def device to device dst src size stream 0 varargs []if stream assert isinstance stream Stream fn driver cu Memcpy Dto D Asyncvarargs append stream handle else fn driver cu Memcpy Dto Dfn device pointer dst device pointer src size *varargs,Till when should it be not changed ?,q4291,until the operation which can be asynchronous completes,Asynchronous operation completes,2,2,3,3
def convert basic txt title '' epub split size kb 0 txt clean txt txt txt split txt txt epub split size kb lines []blank count 0for line in txt split '\n' if line strip blank count 0lines append u'<p>%s</p>' % prepare string for xml line replace '\n' '' else blank count + 1if blank count 2 lines append u'<p>&nbsp </p>' return HTML TEMPLATE % title u'\n' join lines,What converts to html by putting all paragraphs in <p> tags ?,q16645,plain text,HTML,1,1,2,3
def vserver servicegroup add v name sg name **connection args ret Trueif vserver servicegroup exists v name sg name **connection args return Falsenitro connect **connection args if nitro is None return Falsevsg NSLBV Server Service Group Binding vsg set name v name vsg set servicegroupname sg name try NSLBV Server Service Group Binding add nitro vsg except NS Nitro Error as error log debug 'netscalermoduleerror-NSLBV Server Service Group Binding add failed {0 }' format error ret False disconnect nitro return ret,How do a servicegroup bind to a vserver ?,q8423,cli example,vserver servicegroup add,2,2,3,2
def pager text global pagerpager getpager pager text,When is this called ?,q1686,the first time,This is called when the first time and takes text as an argument.,2,2,3,2
def write path attribute value **kwargs kwargs salt utils clean kwargs **kwargs hex kwargs pop 'hex' False if kwargs salt utils invalid kwargs kwargs cmd ['xattr' '-w']if hex cmd append '-x' cmd extend [attribute value path] try salt utils mac utils execute return success cmd except Command Execution Error as exc if ' Nosuchfile' in exc strerror raise Command Execution Error ' Filenotfound {0 }' format path raise Command Execution Error ' Unknown Error {0 }' format exc strerror return read path attribute **{'hex' hex } value,What does the code cause ?,q2212,the given attribute name to be assigned the given value,The code modifies the xattr of the given path with the given value and returns the attribute value in hex format.,2,2,3,2
def file upload echo content request r dict [ k f read decode u'utf- 8 ' for k f in request FILES items ] return Http Response json dumps r,In which direction do the content of uploaded files echo for tests ?,q7731,back,For testing purposes,1,1,2,2
def resource defaults to name default value extra args None cibname None return item present name name item 'resource' item id '{ 0 } {1 }' format default value item type None show 'defaults' create 'defaults' extra args extra args cibname cibname,Where should a resource default in the cluster is set to a given value be run ?,q8912,on one cluster node,On one cluster node,3,3,3,3
def appendimages im 1 im 2 rows 1 im 1 shape[ 0 ]rows 2 im 2 shape[ 0 ]if rows 1 < rows 2 im 1 concatenate im 1 zeros rows 2 - rows 1 im 1 shape[ 1 ] axis 0 elif rows 1 > rows 2 im 2 concatenate im 2 zeros rows 1 - rows 2 im 2 shape[ 1 ] axis 0 return concatenate im 1 im 2 axis 1,How does a new image append the two images ?,q7058,side - by - side,Synchronously,1,1,2,2
@require contextdef backup get all active by window context begin end None project id None query model query context models Backup read deleted 'yes' query query filter or models Backup deleted at None models Backup deleted at > begin if end query query filter models Backup created at < end if project id query query filter by project id project id return query all,When were backups were active ?,q3766,during window,Active,1,1,2,2
def shutdown signum global WANTDOW Nprint 'SHUTDOWN gotsignal%d willhaltaftercurrentfile ' % signum WANTDOWN True,When do everything stop ?,q8444,after the current files have been processed,  Current file processing completes.,3,2,3,2
def execute 3 *args **kargs cmd args[ 1 -3 ] if args[ 0 ] 'raidcom' else args result EXECUTE TABLE 3 get cmd CMD SUCCEED if cmd 'pairevtwait' '-d' CONFIG MAP['serial'] 1 '-nowaits' '-IM%s' % INST NUMS[ 1 ] EXECUTE TABLE 3 update { 'pairevtwait' '-d' CONFIG MAP['serial'] 1 '-nowaits' '-IM%s' % INST NUMS[ 1 ] vsp horcm PSUE STDOUT STDERR } return result,When do pairevtwaits dummy return value change ?,q11337,after it is called,Dummy value changes after execution.,3,2,3,3
def ipaddrs return proxy ['napalm call'] 'get interfaces ip' **{},Where did ip addresses configure ?,q1765,on the device,Device,2,2,3,3
def db exists name user None password None host None port None dbs db list user password host port if not isinstance dbs list return Falsereturn name in [db['name'] for db in dbs],What do the host connect ?,q17830,to cli example,The code connects to a InfluxDB database.,2,2,2,3
def is installed return get binstar is not None,How did the code instal ?,q9289,binstar - cli,The code installed the package using `binstar`.,2,2,3,3
def normcase p return string lower p,What does the code normalize ?,q14761,the case of a pathname,Directory,1,1,2,3
def weighted lottery weights random random random total sum weights itervalues if total < 0 raise Value Error 'totalweightmustbepositive' r random * total t 0for key weight in weights iteritems if weight < 0 raise Value Error 'weightfor%rmustbenon-negative' % key t + weightif t > r return keyraise Value Error 'weighted lotterymessedup r %r t %r total %r' % r t total,Where are values are weights ?,q2985,a dict,Values are weights,2,2,3,2
def Make Normal Pmf mu sigma num sigmas n 201 pmf Pmf low mu - num sigmas * sigma high mu + num sigmas * sigma for x in np linspace low high n p Eval Normal Pdf x mu sigma pmf Set x p pmf Normalize return pmf,What does the code make ?,q7325,a pmf discrete approx to a normal distribution,A discrete PMF approximation of a normal distribution.,3,3,3,3
def state class str state if state is None return ' None'else return '<%s>' % state class name,How do a string describe an instances class ?,q1675,via its instancestate,"The code defines a function named ""describe_instance"" which takes an instance as its argument and returns a string representation of the instance's class name if the instance is not None.",2,2,2,2
"def get admin index app from django utils text import capfirstfrom django db models import get modelsoutput []app models get models app app label app models[ 0 ] meta app labeloutput append '{%%ifperms %s%%}' % app label output append '<divclass ""module""><h 2 >%s</h 2 ><table>' % app label title for model in app models if model meta admin output append MODULE TEMPLATE % {'app' app label 'mod' model meta module name 'name' capfirst model meta verbose name plural 'addperm' model meta get add permission 'changeperm' model meta get change permission } output append '</table></div>' output append '{%endif%}' return output",For what purpose does admin - index template snippet return ?,q6748,for the given app,Appends admin modules with models and permissions.,2,2,3,2
def save and block module name orig modules saved Truetry orig modules[name] sys modules[name]except Key Error saved Falsesys modules[name] Nonereturn saved,Where do a module block ?,q8171,in sys,The answer is `sys`.,3,3,3,3
def libvlc media player set xwindow p mi drawable f Cfunctions get 'libvlc media player set xwindow' None or Cfunction 'libvlc media player set xwindow' 1 1 None None Media Player ctypes c uint 32 return f p mi drawable,Where should the media player render its video output ?,q1129,where,The media player should render its video output on a specified drawable provided by the user.,2,2,3,3
def enter transaction management thread ident thread get ident if state has key thread ident and state[thread ident] state[thread ident] append state[thread ident][ -1 ] else state[thread ident] []state[thread ident] append settings TRANSACTIONS MANAGED if not dirty has key thread ident dirty[thread ident] False,For what purpose does transaction management enter ?,q14724,for a running thread,To manage transactions for running threads.,3,3,3,3
def auth decorator check auth def decorator method def decorated self *args **kwargs check auth self return method self *args **kwargs decorated name method name decorated doc method doc return decorateddecorator name check auth name decorator doc check auth doc return decorator,Who heard you like decorators ?,q5539,i,Decorator,1,1,2,2
def dump global CONFI Gtable [[' Key' ' Value']]for i in CONFIG opts keys table append [i str CONFIG opts[i]['value'] ] pptable table,Where does the current settings dump ?,q767,in a pretty table,"
Configuration file.",1,1,1,2
def authenticated method @functools wraps method def wrapper self *args **kwargs if not self current user if self request method in 'GET' 'HEAD' url self get login url if '?' not in url if urlparse urlsplit url scheme next url self request full url else next url self request uriurl + '?' + urlencode dict next next url self redirect url returnraise HTTP Error 403 return method self *args **kwargs return wrapper,For what purpose do methods decorate with this ?,q1396,to require that the user be logged in,To require login.,3,2,3,3
def update access token user graph profile try get profile user model or profile get instance for attribute user profile 'access token' if model or profile new token graph access token model or profile access token token message 'anew' if new token else 'thesame' logger info 'found%stoken%s' token message graph access token[ 10 ] if new token logger info 'accesstokenchanged updatingnow' model or profile update access token graph access token model or profile save model or profile extend access token,Where does the access token update conditionally ?,q7824,in the database,Database,2,2,3,3
def append Args url args if hasattr args 'items' args args items args sort if len args 0 return urlif '?' in url rstrip '?' sep '&'else sep '?'return '%s%s%s' % url sep urlencode args,What does the code append to an http query ?,q10265,some arguments,Arguments.,2,2,3,3
def chain future a b def copy future assert future is a if b done returnif isinstance a Traceback Future and isinstance b Traceback Future and a exc info is not None b set exc info a exc info elif a exception is not None b set exception a exception else b set result a result a add done callback copy,For what purpose do two futures chain together when one completes ?,q1201,so that,When a future completes.,1,1,2,2
def configure sc logging use syslog False log set Level logging DEBUG formatter logging Formatter DEBUG FORMAT PID static create sc config dirs rfh logging handlers Rotating File Handler static DEBUG FILE max Bytes 1048576 backup Count 2 rfh set Level logging DEBUG rfh set Formatter formatter log add Handler rfh console set Level logging INFO log add Handler console syslog device '/dev/log'if use syslog and os path exists syslog device log debug ' Loggingto%s' % syslog device syslog handler logging handlers Sys Log Handler address syslog device syslog handler set Formatter formatter syslog handler set Level logging DEBUG log add Handler syslog handler,For what purpose does no formatters and a nullhandler have ?,q10517,so that other developers using starcluster as a library can configure logging as they see fit,Configures logging for the purpose of allowing other developers using starcluster as a library to customize logging settings.,3,3,3,3
def get Overhang Span element Node return get Cascade Float Without Self 2 0 * get Layer Height element Node element Node 'overhang Span',What does the code get ?,q3866,the overhang span,The code gets the overhang span element node.,3,3,3,2
def test slices partial overlap temp overlap slices 5 3 0 assert temp slice 0 2 None slice 1 3 None temp overlap slices 5 3 0 mode u'partial' assert temp slice 0 2 None slice 1 3 None for pos in [0 4] with pytest raises Partial Overlap Error as e temp overlap slices 5 3 pos mode u'strict' assert u' Arraysoverlaponlypartially ' in str e value,By how much do arrays overlap ?,q3177,partially,30%,1,1,2,3
"def subclass cls for name method in cls dict iteritems if hasattr method 'override' found Falsefor base class in inspect getmro cls [1 ] if name in base class dict if not method doc method doc base class dict [name] doc found Truebreakassert found '""%s %s""notfoundinanybaseclass' % cls name name return cls",What does the code verify ?,q1432,all @override methods use a class decorator to find the methods class,The code verifies that all `@override` methods in a class have a docstring in their base classes.,2,2,3,2
@image comparison baseline images [u' Event Collection plot switch orientation 2x'] def test Event Collection switch orientation 2x splt coll props generate Event Collection plot coll switch orientation coll switch orientation new positions coll get positions assert equal props[u'orientation'] coll get orientation assert equal True coll is horizontal np testing assert array equal props[u'positions'] new positions check segments coll new positions props[u'linelength'] props[u'lineoffset'] props[u'orientation'] splt set title u' Event Collection switch orientation 2 x',When does calling switch_orientation set the orientation back to the default ?,q10770,twice,Calling switch_orientation twice.,3,3,3,3
def create path *args return os path join *args,For what purpose did the paths provide ?,q7784,in order to create an absolut path,Absolute Path,3,2,3,3
def dmp ff trivial gcd f g u K zero f dmp zero p f u zero g dmp zero p g u if zero f and zero g return tuple dmp zeros 3 u K elif zero f return dmp ground monic g u K dmp zero u dmp ground dmp ground LC g u K u elif zero g return dmp ground monic f u K dmp ground dmp ground LC f u K u dmp zero u elif query 'USE SIMPLIFY GCD' return dmp simplify gcd f g u K else return None,Where do trivial cases in gcd algorithm handle ?,q5868,over a field,  Leading zeros.,1,1,2,2
def enabled name sig None return name 'redbull',Where is only the redbull service enabled ?,q6171,in the test,On boot CLI example.,1,1,1,2
"def write docstringdict filename 'turtle docstringdict' docsdict {}for methodname in tg screen functions key ' Screen ' + methodname docsdict[key] eval key doc for methodname in tg turtle functions key ' Turtle ' + methodname docsdict[key] eval key doc f open '%s py' % filename 'w' keys sorted [x for x in docsdict keys if x split ' ' [1 ] not in alias list ] f write 'docsdict {\n\n' for key in keys[ -1 ] f write '%s \n' % repr key f write '""""""%s\n"""""" \n\n' % docsdict[key] key keys[ -1 ]f write '%s \n' % repr key f write '""""""%s\n""""""\n\n' % docsdict[key] f write '}\n' f close",For what purpose do docstring - dictionary create ?,q3905,to file,To document turtle functions,1,1,2,2
def encrypt int message ekey n if type message is types Int Type return encrypt int long message ekey n if not type message is types Long Type raise Type Error ' Youmustpassalongoranint' if message > 0 and math floor math log message 2 > math floor math log n 2 raise Overflow Error ' Themessageistoolong' return fast exponentiation message ekey n,What do a message use ?,q4198,encryption key ekey,A message uses an encryption key ekey for encryption.,3,3,3,3
def spawn argv master read read stdin read read if type argv type '' argv argv pid master fd fork if pid CHILD os execlp argv[ 0 ] *argv try mode tty tcgetattr STDIN FILENO tty setraw STDIN FILENO restore 1except tty error restore 0try copy master fd master read stdin read except IO Error OS Error if restore tty tcsetattr STDIN FILENO tty TCSAFLUSH mode os close master fd,Does the code create a spawned process ?,q1232,Yes,"Yes, creates a spawned process.",3,3,3,3
def Run In Transaction function *args **kwargs return Run In Transaction Options None function *args **kwargs,What does the code run ?,q1231,a function inside a datastore transaction,It creates and retrieves config objects for transactions and event transactions.,1,1,2,2
def get New Repository return Alteration Repository,Does the code get new repository ?,q577,Yes,Yes,3,3,3,3
def inputhook wx 3 context try app wx Get App if app is not None assert wx Thread Is Main if not callable signal getsignal signal SIGINT signal signal signal SIGINT signal default int handler evtloop wx Event Loop ea wx Event Loop Activator evtloop t clock while not context input is ready while evtloop Pending t clock evtloop Dispatch app Process Idle used time clock - t if used time > 10 0 time sleep 1 0 elif used time > 0 1 time sleep 0 05 else time sleep 0 001 del eaexcept Keyboard Interrupt passreturn 0,How does the code run the wx event loop ?,q15313,by processing pending events only,The code runs the wx event loop and processes pending events only.,3,3,3,3
@image comparison baseline images [u'legend expand'] remove text True def test legend expand legend modes [ None u'expand'] fig axes list plt subplots len legend modes 1 x np arange 100 for ax mode in zip axes list legend modes ax plot x 50 - x u'o' label u'y 1' l1 ax legend loc 2 mode mode ax add artist l1 ax plot x x - 50 u'o' label u'y -1 ' l2 ax legend loc 5 mode mode ax add artist l2 ax legend loc 3 mode mode ncol 2,How do mode expand ?,q8362,test,Modes expand by adding artist attributes to the legend.,2,2,3,2
def zero cluster if TRAFFICCTL cmd traffic ctl 'metric' 'clear' '--cluster' else cmd traffic line '-Z' log debug ' Running %s' cmd return subprocess cmd,By how much does the code reset performance statistics across the cluster ?,q1136,to zero,The code resets performance statistics to zero across the cluster.,3,3,3,3
def compare optimizers optimizers random a -1 3 + np random random size 100 random b 0 3 + np random random size 100 param grid product FUNCTIONS random a random b values []for value in param grid values append value param grid valuesprint ' Benching 1 Droot-finderoptimizersfromscipy optimize 'for optimizer in OPTIMIZERS print '% 20 s %8 itotalfunctioncalls' % optimizer name bench optimizer optimizer param grid,Where did all the optimizers give ?,q8988,on a grid of a few different functions,Optimizers,1,1,2,2
"def open file flag 'r' mode 438 global defaultmodif defaultmod is None for name in names try mod import name fromlist ['open'] except Import Error continueif not defaultmod defaultmod mod modules[name] modif not defaultmod raise Import Error 'nodbmclonefound tried%s' % names result whichdb file if 'n' not in flag else None if result is None if 'c' in flag or 'n' in flag mod defaultmodelse raise error[ 0 ] ""need'c'or'n'flagtoopennewdb"" elif result '' raise error[ 0 ] 'dbtypecouldnotbedetermined' elif result not in modules raise error[ 0 ] 'dbtypeis{ 0 } butthemoduleisnotavailable' format result else mod modules[result]return mod open file flag mode",Where do database create ?,q8074,at path given by * file *,Database creation location,2,2,2,2
def build xpath expr attrs if 'class ' in attrs attrs['class'] attrs pop 'class ' s [ u '@%s %r' % k v for k v in iteritems attrs ]return u '[%s]' % 'and' join s,For what purpose do kwargs pass when using the lxml parser ?,q17720,to search for attributes,To search for attributes,3,3,3,3
def print One Training Vector x print '' join '1 ' if k 0 else ' ' for k in x,How do a single vector print ?,q5425,succinctly,Prints a single vector.,2,2,3,2
def reraise translated exception exc type exc value exc trace sys exc info new exc translate plain exception exc value raise new exc None exc trace,Does the code keep its traceback intact ?,q464,Yes,Yes,3,3,3,3
def cuthill mckee ordering G heuristic None for c in nx connected components G for n in connected cuthill mckee ordering G subgraph c heuristic yield n,For what purpose does the code generate an ordering of the graph nodes ?,q8145,to make a sparse matrix,Makes a sparse matrix,3,2,3,3
def create Tree num nodes root Node num nodes // 2 for i in range num nodes if i num nodes // 2 continueroot insert i root return root,In which direction did the tree construct to num_nodes ?,q3479,from 0,Tree constructed towards num_nodes.,2,2,3,2
def licensed cmd 'cscript C \\ Windows\\ System 32 \\slmgr vbs/dli'out salt ['cmd run'] cmd return ' License Status Licensed' in out,How did the current machine be licensed ?,q8620,correctly,"
Licensed with a product key from Microsoft.",2,2,3,3
def get Network Operator Name try m Context autoclass 'android content Context' python Activity autoclass 'org renpy android Python Service' telephony Manager cast 'android telephony Telephony Manager' python Activity m Service get System Service m Context TELEPHONY SERVICE network Operator Name telephony Manager get Network Operator Name return network Operator Nameexcept Exception as e return None,When did operator register ?,q1506,current,Operator register when instantiated,1,1,2,2
def scale for robust loss function J f rho J scale rho[ 1 ] + 2 * rho[ 2 ] * f ** 2 J scale[ J scale < EPS ] EPSJ scale ** 0 5f * rho[ 1 ] / J scale return left multiply J J scale copy False f,For what purpose do jacobian and residuals scale ?,q3078,for a robust loss function,Sandwich with ^ * scale * ^ scale.,1,1,1,2
def migrate instances add request spec context max count marker get marker for migrate instances context attrs ['system metadata' 'flavor' 'pci requests' 'numa topology' 'availability zone']instances objects Instance List get by filters context filters {'deleted' False} sort key 'created at' sort dir 'asc' limit max count marker marker expected attrs attrs count all len instances count hit 0for instance in instances try Request Spec get by instance uuid context instance uuid except exception Request Spec Not Found create minimal request spec context instance count hit + 1if count all > 0 marker instances[ -1 ] uuid set or delete marker for migrate instances context marker return count all count hit,When does a requestspec per instance not have it ?,q12829,yet,The code gets all instances that match all filters.,1,1,2,2
def volume glance metadata copy to volume context volume id snapshot id return IMPL volume glance metadata copy to volume context volume id snapshot id,Does the code update the glance metadata from a volume by copying all of the key : value pairs from the originating snapshot ?,q283,Yes,Yes,3,3,3,3
def get debug queries return g get 'sqlalchemy queries',Where will all the sql queries sent to the database log ?,q1516,in debug mode flask - sqlalchemy,Flask SQLAlchemy debug mode logs all queries sent to the database.,3,3,3,3
def test elemwise collapse 3 shape 4 5 a cuda ndarray Cuda Ndarray theano asarray numpy random rand *shape dtype 'float 32 ' a theano asarray numpy random rand *shape dtype 'float 32 ' a2 tcn shared constructor a 'a' a3 a2 dimshuffle 'x' 0 1 'x' b tcn Cuda Ndarray Type False False False False c a3 + b f pfunc [b] [c] mode mode with gpu v theano asarray numpy random rand 5 shape[ 0 ] shape[ 1 ] 4 dtype 'float 32 ' v cuda ndarray Cuda Ndarray v out f v [0 ]assert numpy allclose out a reshape 1 shape[ 0 ] shape[ 1 ] 1 + v,Where do only one inputs have two broadcastable dimension when ?,q11915,at each ends,"
At the end of the computation graph.",2,2,2,2
def with patch inspect f def wrapped *args **kwargs save findsource inspect findsourcesave getargs inspect getargsinspect findsource findsourceinspect getargs getargstry return f *args **kwargs finally inspect findsource save findsourceinspect getargs save getargsreturn wrapped,When did the code deprecate ?,q2774,since ipython 6,IPython 6.,2,2,3,3
def get Open ID Store return util get Open ID Store '/tmp/djopenid s store' 's ',When did database backend choose ?,q4201,currently,"Hence, currently.",2,2,3,2
def with kill srv f @wraps f def wrapper self *args pidfile args[ -1 ]try return f self *args finally kill srv pidfile return wrapper,Where do tests receive ?,q1247,in the last argument,Tests receive the last argument.,3,3,3,3
def check deprecated scrapy ctl argv inproject if not any 'scrapy-ctl' in x for x in argv returnimport warningswarnings warn '`scrapy-ctl py`command-linetoolisdeprecatedandwillberemovedin Scrapy 0 11 use`scrapy`instead' Scrapy Deprecation Warning stacklevel 3 if inproject projpath os path abspath os path dirname os path dirname settings settings module file cfg path os path join projpath 'scrapy cfg' if not os path exists cfg path with open cfg path 'w' as f f write '#generatedautomatically-feelfreetoedit' + os linesep f write '[settings]' + os linesep f write 'default %s' % settings settings module name + os linesep,Where do scrapy warn ?,q16069,in that case,Scrapy Deprecation Warning,2,2,3,3
def wait for func timeout 10 step 1 default None func args func kwargs None if func kwargs is None func kwargs dict max time time time + timeout step min step or 1 timeout * BLUR FACTOR ret defaultwhile time time < max time call ret func *func args **func kwargs if call ret ret call retbreakelse time sleep step step min step max time - time time * BLUR FACTOR if time time > max time logging warn ' Exceededwaitingtime %sseconds toexectute%s' timeout func return ret,When do func call ?,q9043,at regular intervals,Within,1,1,2,2
def label folder absent name node None apiserver None ret salt ['k 8 s folder absent'] name node apiserver return ret,Does the label folder exist on the kube node ?,q14139,No,"
Not exists.",2,2,3,2
def test epoch combine ids raw events picks get data epochs Epochs raw events {'a' 1 'b' 2 'c' 3 'd' 4 'e' 5 'f' 32 } tmin tmax picks picks preload False events new merge events events [1 2] 12 epochs new combine event ids epochs ['a' 'b'] {'ab' 12 } assert equal epochs new['ab'] name 'ab' assert array equal events new epochs new events,What is combining event ids in epochs ?,q5956,test,Combining.,1,1,2,2
@task def enable self generated certs course key course key Course Key from string course key course Course Overview get from id course key is enabled for course Certificate Generation Course Setting is enabled for course course key if course self paced and not is enabled for course Certificate Generation Course Setting set enabled for course course key True,How did courses pace ?,q17521,self,Self-paced,3,3,3,3
def api level cmd name if cmd in api table return api table[cmd][ 1 ]if name 'queue' and cmd in api queue table return api queue table[cmd][ 1 ]if name 'config' and cmd in api config table return api config table[cmd][ 1 ]return 4,For what purpose did return access level require ?,q9116,for this api call,The purpose of return access level is to determine which table to use when calling the API.,2,2,3,3
def load name merge inherited True cache lock acquire try data cache get name if not data if name 'root' or not merge inherited data {}else parts name split ' ' if len parts 1 parent 'root'else parent ' ' join parts[ -1 ] data load parent copy filename os path join dirname '%s dat' % name fileobj open filename 'rb' try if name 'root' and merge inherited merge data pickle load fileobj else data pickle load fileobj cache[name] datafinally fileobj close return datafinally cache lock release,For what purpose do the locale data load ?,q6475,for the given locale,To load locale data.,3,2,3,3
def validate customization args and values item name item type customization args ca specs to validate against ca spec names [ca spec name for ca spec in ca specs to validate against]if not isinstance customization args dict raise utils Validation Error ' Expectedcustomizationargstobeadict received%s' % customization args customization args get full customization args customization args ca specs to validate against extra args []for arg name in customization args keys if not isinstance arg name basestring raise utils Validation Error ' Invalidcustomizationargname %s' % arg name if arg name not in ca spec names extra args append arg name logging warning '%s%sdoesnotsupportcustomizationarg%s ' % item name capitalize item type arg name for extra arg in extra args del customization args[extra arg]for ca spec in ca specs to validate against try customization args[ca spec name]['value'] schema utils normalize against schema customization args[ca spec name]['value'] ca spec schema except Exception pass,Where did the specs set ?,q18157,in ca_specs_to_validate_against,The specs are set in `ca_specs_to_validate_against`.,3,3,3,3
@ ensure existsdef copy to name source dest exec driver None overwrite False makedirs False return salt ['container resource copy to'] name salt ['container resource cache file'] source dest container type virtualname exec driver exec driver overwrite overwrite makedirs makedirs,For what purpose do a file from the host copy into a container name container name source file ?,q8420,to be copied to the container,Copy file into a container to run tests inside a container.,2,2,2,3
def test parse annotation annot '+ 180 \x 14 Lightsoff\x 14 Closedoor\x 14 \x 00 \x 00 \x 00 \x 00 \x 00 + 180 \x 14 Lightsoff\x 14 \x 00 \x 00 \x 00 \x 00 \x 00 \x 00 \x 00 \x 00 + 180 \x 14 Closedoor\x 14 \x 00 \x 00 \x 00 \x 00 \x 00 \x 00 \x 00 \x 00 + 3 14 \x 1504 20 \x 14 nothing\x 14 \x 00 \x 00 \x 00 \x 00 + 1800 2\x 1525 5\x 14 Apnea\x 14 \x 00 \x 00 \x 00 \x 00 \x 00 \x 00 \x 00 + 123 \x 14 \x 14 \x 00 \x 00 \x 00 \x 00 \x 00 \x 00 \x 00 'annot [a for a in iterbytes annot ]annot[ 1 2] [ a * 256 for a in annot[ 1 2]]tal channel map sum zip annot[ 0 2] annot[ 1 2] assert equal parse tal channel [tal channel] [[ 180 0 0 ' Lightsoff'] [180 0 0 ' Closedoor'] [180 0 0 ' Lightsoff'] [180 0 0 ' Closedoor'] [3 14 4 2 'nothing'] [1800 2 25 5 ' Apnea']],How do the tal channel parse ?,q17462,test,It parses tal channel by creating a dictionary of all needed thread fields and checking if the version is supported.,1,1,2,2
def auth email logout token user redirect url cas get logout url service url cas get login url service url web url for 'index' absolute True try unconfirmed email user get unconfirmed email for token token except Invalid Token Error raise HTTP Error http BAD REQUEST data {'message short' ' Badtoken' 'message long' ' Theprovidedtokenisinvalid '} except Expired Token Error status push status message ' Theprivatelinkyouusedisexpired ' raise HTTP Error http BAD REQUEST data {'message short' ' Expiredlink' 'message long' ' Theprivatelinkyouusedisexpired '} try user merge User find one Q 'emails' 'eq' unconfirmed email except No Results Found user merge Falseif user merge remove sessions for user user merge user email verifications[token]['confirmed'] Trueuser save remove sessions for user user resp redirect redirect url resp delete cookie settings COOKIE NAME domain settings OSF COOKIE DOMAIN return resp,What is adding an email ?,q15389,a user,A user adds an email,3,2,3,3
def virtual interface get by address context address return IMPL virtual interface get by address context address,Where does the code get a virtual interface from the table filtering ?,q5159,on address,"
The code gets a virtual interface from the table by address context.",2,2,3,2
def domain constructor **b kwargs def deco f def wrapper *args **kwargs if 'name' in b kwargs b kwargs b kwargselse b kwargs dict b kwargs name f name f rval f *args **kwargs domain Domain lambda x x f rval ** b kwargs return domainwrapper name f name return wrapperreturn deco,For what purpose does a function return a pyll expressions ?,q2757,so that it becomes a domain instance instead of a function example,To create a domain instance instead of a function.,3,3,3,3
def set project cfg facts if unset facts config {'default node selector' '' 'project request message' '' 'project request template' '' 'mcs allocator range' 's 0 /2 ' 'mcs labels per project' 5 'uid allocator range' '1000000000 - 1999999999 / 10000 '}if 'master' in facts for key value in config items if key not in facts['master'] facts['master'][key] valuereturn facts,When were they not were present ?,q13914,already,Already.,3,3,3,3
def git version git path DEFAULT GIT try output run git or fail ['--version'] git path git path except OS Error return Noneversion prefix 'gitversion'if not output startswith version prefix return Noneparts output[len version prefix ] split ' ' nums []for part in parts try nums append int part except Value Error breakwhile len nums < VERSION LEN nums append 0 return tuple nums[ VERSION LEN],When did git instal ?,q2240,currently,Currently.,2,2,3,3
def b64 encode value *args **kwargs return base 64 b64 encode encode value *args **kwargs,Does the code serialize a value to json ?,q83,Yes,Yes,3,3,3,3
@with open mode 'r' @with sizes 'medium' def read big chunks f f seek 0 while f read 4096 pass,When did 4096 units read ?,q449,at a time,Reads 4096 units at a time.,3,3,3,3
def update sequencer id in request type migrate engine request type id sequencer id cmd 'UPDAT Erequest type SE Tsequencer id %i WHER Eid %i' % sequencer id request type id migrate engine execute cmd,Where does the code update the foreign key to the sequencer table ?,q18456,in the request_type table,The code updates the foreign key of the sequencer table in the request_type table.,3,3,3,3
def Add Request SS Handle pIO Type p Channel Value x1 User Data if os name 'nt' static Lib ctypes windll Load Library 'labjackud' v ctypes c double Value ud ctypes c double User Data ec static Lib Add Request SS Handle pIO Type p Channel v x1 ud if ec 0 raise Lab Jack Exception ec else raise Lab Jack Exception 0 ' Functiononlysupportedfor Windows',For what purpose does the code add a request to the labjackud request stack ?,q3987,to get the ain value from channel 0,Gets ain value from channel 0.,3,3,3,3
def filter sff reads sff data ids to keep None ids to remove None header reads sff dataif ids to keep is not None reads [r for r in reads if r[' Name'] in ids to keep ]if ids to remove is not None reads [r for r in reads if r[' Name'] not in ids to remove ]header['number of reads'] len reads return header reads,Where does the i d be in ids_to_keep ?,q5351,where,"In the question, ""ids_to_keep"" refers to a list of IDs that are used to filter out certain reads from an input list of reads.",1,1,2,2
def truncate text text limit killwords False end ' ' text text strip text length len text if text length < limit return text limit - text length text do truncate text limit killwords end '' return text + end 0,How do as many characters as possible return ?,q3628,without going over the limit,  Truncate text to limit,2,2,3,2
@register tagdef annotate form field parser token args token split contents if len args < 2 raise template Template Syntax Error 'annotate form fieldtagrequiresaformfieldtobepassed' return Form Field Node args[ 1 ],How did the code set an attribute on a form field ?,q7069,with the widget type,The code sets the attribute `type` on the form field with the value of the widget type.,2,2,3,3
def from rdata ttl *rdatas return from rdata list ttl rdatas,Does the code create an rdataset with the specified ttl ?,q519,Yes,"Yes, creates an rdataset with specified ttl and class.",3,2,3,3
def show all categories call None if call 'action' raise Salt Cloud System Exit ' Theshow all categoriesfunctionmustbecalledwith-for--function ' conn get conn service ' Soft Layer Product Package' categories []for category in conn get Categories id 50 categories append category['category Code'] return {'category codes' categories},Where do a dict of all available categories return ?,q7150,on the cloud provider,"
The dict of all available categories.",2,2,2,2
def background func def internal *a **kw data ctx context[current Thread ] context[current Thread ] storage ctx copy def newfunc context[current Thread ] ctxfunc *a **kw t threading Thread target newfunc background threaddb[id t ] tt start ctx headers []return seeother changequery t id t return internal,What do a function decorator run ?,q3221,a long - running function,Long-running function,3,3,3,3
def tweet for template tweet https False data json loads tweet raw json parsed date parsedate data['created at'] date datetime *parsed date[ 0 6] if settings CC SHOW REPLIES replies get tweets limit 0 reply to tweet https https else replies Noneif 'from user' in data user data datafrom user data['from user']else user data data['user']from user user data['screen name']if https img bleach clean user data['profile image url https'] else img bleach clean user data['profile image url'] return {'profile img' img 'user' from user 'text' bleach clean data['text'] 'id' tweet pk 'date' date 'reply count' len replies if replies else 0 'replies' replies 'reply to' tweet reply to and tweet reply to pk 'hidden' tweet hidden},For what purpose did the dict need ?,q10817,for tweets,For user data,1,1,2,3
@register inclusion tag u'admin/actions html' takes context True def admin actions context context[u'action index'] context get u'action index' -1 + 1 return context,When has the action field been rendered on the page ?,q2155,the number of times,The action field is rendered 1 time on the page.,2,2,3,3
"def init binaries dirpath os path join CUCKOO ROOT 'data' 'monitor' 'latest' if not os path exists dirpath raise Cuckoo Startup Error "" Thebinariesusedfor Windowsanalysisareupdatedregularly independentlyfromthereleaseline Itappearsthatyou'renotup-to-date Thiscanhappenwhenyou'vejustinstalled Cuckooorwhenyou'veupdatedyour Cuckooversionbypullingthelatestchangesfromour Gitrepository Inordertogetup-to-date pleaserunthefollowingcommand ` /utils/community py-wafbmonitor`or` /utils/community py-waf`ifyou'dalsoliketodownloadover 300 Cuckoosignatures "" if os path isfile dirpath monitor os path basename open dirpath 'rb' read strip dirpath os path join CUCKOO ROOT 'data' 'monitor' monitor else dirpath Noneif dirpath and not os path isdir dirpath raise Cuckoo Startup Error "" Thebinariesusedfor Windowsanalysisareupdatedregularly independentlyfromthereleaseline Itappearsthatyou'renotup-to-date Thiscanhappenwhenyou'vejustinstalled Cuckooorwhenyou'veupdatedyour Cuckooversionbypullingthelatestchangesfromour Gitrepository Inordertogetup-to-date pleaserunthefollowingcommand ` /utils/community py-wafbmonitor`or` /utils/community py-waf`ifyou'dalsoliketodownloadover 300 Cuckoosignatures """,When do the user look for new analyzer binaries ?,q6047,periodically,User periodically looks for new analyzer binaries.,3,3,3,3
def inject rename contenttypes operations plan None apps global apps using DEFAULT DB ALIAS **kwargs if plan is None returntry Content Type apps get model 'contenttypes' ' Content Type' except Lookup Error available Falseelse if not router allow migrate model using Content Type returnavailable Truefor migration backward in plan if migration app label migration name 'contenttypes' '0001 initial' if backward breakelse available Truecontinueif not available continueinserts []for index operation in enumerate migration operations if isinstance operation migrations Rename Model operation Rename Content Type migration app label operation old name lower operation new name lower inserts append index + 1 operation for inserted index operation in enumerate inserts migration operations insert inserted + index operation,When does the code insert a renamecontenttype operation ?,q13877,after every planned renamemodel operation,After every planned renamemodel operation.,3,3,3,3
def chain future a b def copy future assert future is a if b done returnif isinstance a Traceback Future and isinstance b Traceback Future and a exc info is not None b set exc info a exc info elif a exception is not None b set exception a exception else b set result a result a add done callback copy,When do two futures chain together so that ?,q1203,when one completes,A future chains with another future when it is completed.,3,3,3,3
@pytest mark parametrize 'data' 'a' 'b' 'c' 'd' 'c' 'd' 'a' 'b' 'a' 'b' 'c' 'd' 'e' 'f' def test data argument accepts tuples data p Prepared Request p prepare method 'GET' url 'http //www example com' data data hooks default hooks assert p body urlencode data,Who encodes them properly ?,q8378,the data argument,@pytest,1,1,1,1
def contextfunction f f contextfunction Truereturn f,What can this decorator be used ?,q15577,to mark a function or method context callable,"This decorator can be used to indicate that a function or method is context-callable, i.e., it can be called with a specific context.",3,3,3,3
"def do extends parser token bits token split contents if len bits 2 raise Template Syntax Error ""'%s'takesoneargument"" % bits[ 0 ] parent name parent name expr None None if bits[ 1 ][ 0 ] in '""' ""'"" and bits[ 1 ][ -1 ] bits[ 1 ][ 0 ] parent name bits[ 1 ][ 1 -1 ]else parent name expr parser compile filter bits[ 1 ] nodelist parser parse if nodelist get nodes by type Extends Node raise Template Syntax Error ""'%s'cannotappearmorethanonceinthesametemplate"" % bits[ 0 ] return Extends Node nodelist parent name parent name expr",What extends a parent template ?,q6759,this template,Extends parent template.,2,2,3,2
def cluster to full summary cluster now None cs cluster to basic summary cluster now now cs['usage'] cluster to usage data cluster basic summary cs now now if cs['end'] cs['nih billed'] cs['nih']else cs['nih billed'] float sum u['nih billed'] for u in cs['usage'] for nih type in 'nih used' 'nih bbnu' cs[nih type] float sum u[nih type] for u in cs['usage'] return cs,For what purpose does the code convert a cluster to a full summary ?,q4913,for use in creating a report,To summarize the data for creating a report,3,3,3,3
def fixup indent suite kids suite children[ -1 ]while kids node kids pop if node type token INDENT breakwhile kids node kids pop if isinstance node Leaf and node type token DEDENT if node prefix node prefix ''returnelse kids extend node children[ -1 ],When do we get in trouble if an indent is followed by a thing with a prefix then nuke the prefix if an indent is followed by a thing with a prefix then nuke the prefix ?,q4505,when removing _ _ metaclass _ _ at suite start,In trouble if an indent is followed by something with a prefix.,2,2,3,2
def benchmark command command benchmark script summarize script output dir num iterations dry run upkeep None cleanup None performance dir os path join output dir 'performance' if os path exists performance dir shutil rmtree performance dir os makedirs performance dir try for i in range num iterations out file 'performance%s csv' % i out file os path join performance dir out file benchmark args [benchmark script command '--output-file' out file]if not dry run subprocess check call benchmark args if upkeep is not None upkeep if not dry run summarize summarize script performance dir output dir finally if not dry run and cleanup is not None cleanup,By how much do command run ?,q17766,long,The command runs for `num` iterations and stores the output in a separate CSV file for each iteration in the `performance` directory.,2,2,3,2
def trim features value return trim var 'FEATURES' value,Does the code remove a value from features variable in the make ?,q58,Yes,Yes,3,3,3,3
def file list load ret []envs opts get 'azurefs envs' [] storage conn azure get storage conn opts envs[load['saltenv']] result azure list blobs storage conn storage conn container load['saltenv'] for blob in result ret append blob return ret,Where does the code return a list of all files on the file server ?,q17328,in a specified environment,The list of all files on the file server is returned in a specified environment.,3,3,3,3
def get content type mimetype charset if mimetype startswith 'text/' or mimetype 'application/xml' or mimetype startswith 'application/' and mimetype endswith '+xml' mimetype + ' charset ' + charset return mimetype,How do the full content type string return ?,q17603,with charset for a mimetype,Full content type string returns with charset,2,2,3,3
def suppress Warnings f *suppressed Warnings @wraps f def warning Suppressing Wrapper *a **kw return run With Warnings Suppressed suppressed Warnings f *a **kw return warning Suppressing Wrapper,When does a callable unsuppress them ?,q5059,afterwards,Before.,1,1,2,3
def test fourier series square wave square wave Piecewise 1 x < pi -1 True s fourier series square wave x 0 2 * pi assert s truncate 3 4 / pi * sin x + 4 / 3 * pi * sin 3 * x + 4 / 5 * pi * sin 5 * x assert s sigma approximation 4 4 / pi * sin x * sinc pi / 4 + 4 / 3 * pi * sin 3 * x * sinc 3 * pi / 4,How does fourier_series approximate discontinuous function ?,q10992,correctly,Discrete Fourier Series,1,1,2,2
def get Element Node By Key element Node key if key not in element Node attributes return Noneword str element Node attributes[key] strip evaluated Link Value get Evaluated Link Value element Node word if evaluated Link Value class name ' Element Node' return evaluated Link Valueprint ' Warning couldnotget Element Nodeinget Element Node By Keyinevaluatefor 'print keyprint evaluated Link Valueprint element Nodereturn None,How does the code get the xml element ?,q16149,by key,Evaluates Link Value.,1,1,2,2
@ssl required@require POS Tdef logout request auth logout request statsd incr 'user logout' res Http Response Redirect get next url request or reverse 'home' res delete cookie settings SESSION EXISTS COOKIE return res,In which direction do the user log ?,q6024,out,Out,3,3,3,3
def postprocess config string flags re IGNORECASE re MULTILINE result re sub u'^\\[ COMMENTS \\] \\n $ ' u'' config string flags flags result re sub u'\\n INLINE\\d+ * $' u' \\g< 1 >' result flags flags result re sub u'^ HASH\\d+ * $' u'#\\g< 1 >' result flags flags result re sub u'^ SEMICOLON\\d+ * $' u' \\g< 1 >' result flags flags result re sub u'\\n SECTION\\d+ * $' u'\\g< 1 >' result flags flags result re sub u'^ BLANK\\d+ $' u'' result flags flags return result,In which direction does a preprocessed config convert to original form ?,q7296,back,Back to original form,3,3,3,3
def get custom data point length random randint 0 10 print 'reportingtimeseriesvalue{}' format str length return length,For what purpose do a mock measurement return ?,q6093,for demonstration purposes,Demonstration purposes.,3,3,3,3
def get tables tables ['address scopes' 'floatingips' 'meteringlabels' 'networkrbacs' 'networks' 'ports' 'qos policies' 'qospolicyrbacs' 'quotas' 'reservations' 'routers' 'securitygrouprules' 'securitygroups' 'subnetpools' 'subnets' 'trunks' 'auto allocated topologies' 'default security group' 'ha router networks' 'quotausages']return tables,What have tenant_id column ?,q3834,tables,Tables have tenant_id column,2,2,3,3
def add dummy padding x depth boundary for k v in boundary items if v 'none' d depth[k]empty shape list x shape empty shape[k] dempty chunks list x chunks empty chunks[k] d empty wrap empty empty shape chunks empty chunks dtype x dtype out chunks list x chunks ax chunks list out chunks[k] ax chunks[ 0 ] + dax chunks[ -1 ] + dout chunks[k] ax chunksx concatenate [empty x empty] axis k x x rechunk out chunks return x,Does an array have none ?,q1104,Yes,Yes,3,3,3,3
def cr uid id context method method api 'cr uid id context'return method,What does a traditional - style method take ?,q3333,cr,Requests,1,1,2,3
